{"stats":{"minecraft:custom":{"minecraft:time_since_rest":166988,"minecraft:crouch_one_cm":20671,"minecraft:play_time":166988,"minecraft:sprint_one_cm":91212,"minecraft:walk_one_cm":136401,"minecraft:sneak_time":11320,"minecraft:drop":2,"minecraft:jump":398,"minecraft:damage_dealt":10,"minecraft:leave_game":1,"minecraft:walk_on_water_one_cm":2,"minecraft:time_since_death":166988,"minecraft:total_world_time":1572590,"minecraft:fly_one_cm":2785024},"minecraft:used":{"minecraft:red_sandstone_stairs":4,"minecraft:chiseled_red_sandstone":74,"minecraft:red_sandstone":49,"minecraft:lava_bucket":26,"minecraft:magma_block":102,"minecraft:cut_red_sandstone_slab":138,"minecraft:grass_block":8,"minecraft:red_sandstone_slab":9,"minecraft:red_stained_glass":29,"minecraft:smooth_red_sandstone":324,"minecraft:red_terracotta":1,"minecraft:stone":4,"minecraft:smooth_red_sandstone_stairs":107,"minecraft:cut_red_sandstone":221},"minecraft:picked_up":{"minecraft:wheat_seeds":3,"minecraft:sand":10},"minecraft:dropped":{"minecraft:wooden_axe":2}},"DataVersion":3465}